size,direct,prover,verifier
16,0.04130000000000001,0.20765000000000003,0.06415000000000001
